{"cameraMode":{"drawMode":0,"name":"Shaded","section":"Shading Mode"},"sceneLighting":true,"audioPlay":false,"sceneViewState":{"showFog":true,"showMaterialUpdate":false,"showSkybox":true,"showFlares":true,"showImageEffects":true,"showParticleSystems":true},"in2DMode":false,"pivot":{"x":-0.5578814148902893,"y":6.653374671936035,"z":1.686631202697754},"rotation":{"x":0.00962674617767334,"y":0.9896782040596008,"z":-0.11813937872648239,"w":0.08063946664333344},"size":7.0139617919921879,"orthographic":false}